month,year,nfirms,me,div_yld,log_excess_ret
1,1960,1088,285092858.75,0.03302459856090929,-0.07227480089723144
2,1960,1092,288178486.75,0.03313016106478363,0.010697589286615475
3,1960,1096,284143301.4375,0.03380094796560507,-0.016199478279979255
4,1960,1096,279517659.0625,0.03441296681038127,-0.018143338680959468
5,1960,1098,287792640.875,0.03393269852765832,0.0308414985387033
6,1960,1106,293764850.625,0.03333946813192071,0.01983831313274396
7,1960,1108,287015277.1875,0.0340212920378663,-0.025014629404028717
8,1960,1114,294808870.3125,0.03393964264069591,0.029792146489557504
9,1960,1120,277792054.0625,0.03574277308574746,-0.06237952930984484
10,1960,1117,276069199.9375,0.03608439219300835,-0.0067806374025881095
11,1960,1117,287593784.25,0.03510296031591609,0.04555732091242264
12,1960,1116,304861028.0625,0.03265512676908996,0.045422806992990616
1,1961,1119,324486655.8125,0.03111500636090223,0.06011703273820519
2,1961,1117,335006670.3125,0.0301321806365179,0.0344718242270254
3,1961,1119,346364611.0,0.02911561467552778,0.028136224026287036
4,1961,1122,348510178.6875,0.02883392689317883,0.0036394407678615277
5,1961,1125,355787835.5,0.02850232051048622,0.023657912792663393
6,1961,1123,344719280.625,0.02942988351664625,-0.030819495607610006
7,1961,1126,356154124.9375,0.02844580194669962,0.027575327898280464
8,1961,1126,363970998.1875,0.02865112333274433,0.024634832595153033
9,1961,1132,356431224.625,0.02876058667980131,-0.02218218921610363
10,1961,1139,366265765.625,0.02926053962781369,0.025065979691721262
11,1961,1143,381130608.4375,0.02915543295898167,0.0425335390559638
12,1961,1143,384054107.875,0.02885737049595961,-0.0013517881126212665
1,1962,1147,370594064.6875,0.0301736493163294,-0.03898080845524929
2,1962,1148,378298519.375,0.03015472754387141,0.017059979785757632
3,1962,1145,375599412.9375,0.029801530374366,-0.006971439242132846
4,1962,1146,352161755.1875,0.03209205605150248,-0.06780045379178178
5,1962,1149,321049756.1875,0.03634689793177524,-0.09068841547923517
6,1962,1151,293431942.375,0.03901073233411736,-0.08846720538914261
7,1962,2039,334981372.5,0.03460142690436565,0.06111356611401629
8,1962,2037,341114185.09375,0.03426630100159486,0.02071665097486054
9,1962,2046,323852625.71875,0.03639581865990166,-0.05380686707737706
10,1962,2047,323742551.75,0.03557345518162403,-0.00012837751788060368
11,1962,2049,357072679.59375,0.0331095390091283,0.1022027006424899
12,1962,2047,362166756.8125,0.03262635751085605,0.009439605927620156
1,1963,2056,380635833.09375,0.0309754579829605,0.04815980600034852
2,1963,2043,370696830.875,0.03241942132057693,-0.02459712372114258
3,1963,2044,382503587.6875,0.03204356746891016,0.029956460838163116
4,1963,2057,400841179.59375,0.03062216294208398,0.04394269928189819
5,1963,2062,406900741.59375,0.03071811622013469,0.01743887482228612
6,1963,2066,399238776.0,0.03139584460613448,-0.02063321163442945
7,1963,2066,398027231.9375,0.03176042867909977,-0.004207043346049559
8,1963,2068,417495925.40625,0.03027343424919005,0.04869659820666608
9,1963,2064,412086723.46875,0.03075757478342636,-0.014732194185565296
10,1963,2065,422704832.8125,0.03002884628091658,0.02451837269727352
11,1963,2073,416327347.65625,0.03109111677640321,-0.008435327984095742
12,1963,2062,427105273.6875,0.03053059533768495,0.018575080606526878
1,1964,2077,440158484.75,0.02954807777140329,0.022534007930650177
2,1964,2079,447015957.90625,0.02960650029424171,0.014131596672132506
3,1964,2086,454525327.53125,0.02906713257492394,0.014544941904703707
4,1964,2099,458420793.21875,0.02894102669853713,0.001650762968403511
5,1964,2102,464546377.1875,0.02879020153974565,0.014365808253970085
6,1964,2105,470669701.0625,0.02883331546499861,0.012071624009760924
7,1964,2113,480522391.40625,0.02815281284988187,0.017022503767523116
8,1964,2121,472996735.4375,0.02905824640929455,-0.014209126580087161
9,1964,2119,487214791.1875,0.02863104958716768,0.02711229165866048
10,1964,2123,489983517.03125,0.02844536234823967,0.005892552994534713
11,1964,2128,487126637.4375,0.02909816946905191,0.00011465231697483551
12,1964,2127,492739687.375,0.02952326198570282,0.0006544665915801449
1,1965,2129,511611136.625,0.02850665143632491,0.034723050941682626
2,1965,2132,512990924.78125,0.0288053263910315,0.0037520173401456467
3,1965,2135,508439284.5,0.02935141406839892,-0.013032147362392678
4,1965,2143,525431231.09375,0.02846090783654555,0.02982851351061563
5,1965,2146,521857490.96875,0.02915485251370836,-0.007630142014585039
6,1965,2152,493990787.15625,0.0310504261934902,-0.056497969706501165
7,1965,2162,501647861.5,0.03052394417317884,0.013459437678657236
8,1965,2168,514760104.9375,0.03036429409729096,0.02722082564247178
9,1965,2162,530478570.65625,0.02952537268639704,0.028257263453245397
10,1965,2162,546007242.0,0.02869981176292903,0.025589441963581042
11,1965,2166,543801926.9375,0.02967020685324092,-0.0002923942625166708
12,1965,2151,555255314.46875,0.02867018163091534,0.010051548386713138
1,1966,2167,561895254.96875,0.02835052104370993,0.008405762044186728
2,1966,2163,554533071.09375,0.02925982149956121,-0.012476079074838107
3,1966,2162,542025038.3125,0.03015572735008136,-0.02501249938560436
4,1966,2152,554682127.125,0.02957478180197278,0.020715872266212302
5,1966,2171,524200600.3125,0.0317629217275522,-0.057811056088151666
6,1966,2172,518354007.84375,0.03215624262840708,-0.014229799475036848
7,1966,2182,511564853.53125,0.03270133480426386,-0.01669652224141604
8,1966,2186,470372487.03125,0.03628298784507206,-0.08237311019643637
9,1966,2193,466096576.3125,0.03659164564690948,-0.01110713433586048
10,1966,2192,485310430.21875,0.03506864589930445,0.03695903628736445
11,1966,2194,490756643.71875,0.03479299567350499,0.012915938620808403
12,1966,2188,497735423.65625,0.03433449431022616,0.0017672623479479165
1,1967,2192,539945688.5,0.03209087267924136,0.07794353241098877
2,1967,2196,544249770.125,0.03191742193288764,0.0069599189734507625
3,1967,2193,566610335.5,0.03060183664037042,0.038676478766465135
4,1967,2195,590067296.25,0.02937504616605201,0.03722291936446882
5,1967,2190,562753130.625,0.03107321271043809,-0.043280698135808454
6,1967,2192,577087962.1875,0.03023414365606301,0.02355099384972688
7,1967,2185,603608498.03125,0.02893941202327279,0.045072780605298714
8,1967,2188,597286585.3125,0.02952667861187652,-0.009804008278098056
9,1967,2190,616466116.125,0.02866096001443491,0.030159316141829973
10,1967,2196,598095356.8125,0.02992109122855997,-0.03149287773354101
11,1967,2193,599812436.75,0.02956603118295156,0.004078144461871875
12,1967,2198,631372983.0625,0.02812724279870179,0.029209712541170777
1,1968,2183,606367080.1875,0.02968758667035832,-0.0411405179025124
2,1968,2190,583037937.875,0.03123707708586798,-0.03836029669571604
3,1968,2199,586286518.96875,0.03076308652622699,0.0009625401448976863
4,1968,2205,638621513.40625,0.02872251129929314,0.0856768991774683
5,1968,2205,653743147.5,0.02806537959045685,0.02220756544878233
6,1968,2198,660983738.8125,0.02787821182321461,0.006755492251245486
7,1968,2186,644940215.0625,0.02892513424980235,-0.026859601459535316
8,1968,2194,656325385.125,0.02849321299370753,0.013461024770461176
9,1968,2197,684297400.75,0.0272922046412373,0.039261564677782856
10,1968,2198,689025723.1875,0.02757408346563109,0.004684700769696698
11,1968,2206,728385594.375,0.02585471025646096,0.05240533191955346
12,1968,2207,722122447.5625,0.02633393061679742,-0.038991367850960544
1,1969,2213,717799592.375,0.02628619571948035,-0.011687993484398232
2,1969,2224,677595840.875,0.02828228013643665,-0.060236910327983235
3,1969,2232,698134495.0,0.02770695295506891,0.024961934301634122
4,1969,2242,713761453.25,0.0271529182423037,0.015315035415122798
5,1969,2251,713770915.0625,0.02780911163167336,-5.1406251177404765e-05
6,1969,2261,664813411.0,0.03008829745375059,-0.07478673589472123
7,1969,2273,622105505.4375,0.03222084690321979,-0.07274397154658886
8,1969,2292,653337430.6875,0.03090978019791296,0.04439277160140613
9,1969,2298,637754337.3125,0.03200138385584309,-0.028648878148591028
10,1969,2307,672765905.15625,0.03052303748335818,0.048253428609607095
11,1969,2312,648751715.03125,0.03167591380312395,-0.0385090128680446
12,1969,2314,644274780.375,0.03196062569965253,-0.025891435659580103
1,1970,2324,596509758.8125,0.03459109638664856,-0.0825712781127913
2,1970,2348,629780892.5,0.03274141348106244,0.04861960146942478
3,1970,2360,626432185.5625,0.03319806456450509,-0.010664301673762786
4,1970,2363,559217477.125,0.0369357173922845,-0.1167967242800302
5,1970,2371,520459649.75,0.03913912066710273,-0.07191986665688346
6,1970,2376,493654461.625,0.04143879888099783,-0.05810089996509328
7,1970,2381,532577091.75,0.03880805777576615,0.06599704030071661
8,1970,2383,556856211.0,0.03678172713036564,0.043463843053880104
9,1970,2395,583234116.53125,0.03528090971532229,0.04111233457587221
10,1970,2408,572062335.625,0.03610287946354281,-0.02346284473898229
11,1970,2418,598764321.0,0.0343022967103252,0.044303827979114564
12,1970,2417,643326451.5625,0.03177532085213994,0.054560402786625786
1,1971,2425,676347845.6875,0.03019493740485997,0.046671510507820604
2,1971,2432,684990909.78125,0.02986045460742954,0.01307839584684736
3,1971,2433,715914626.625,0.02870447096831395,0.04072583304717548
4,1971,2445,739680860.375,0.02786009762511018,0.029975825205387396
5,1971,2458,711366816.375,0.02908539571637127,-0.040299852522104086
6,1971,2461,711384595.6875,0.02912211982472755,-0.0003299163926106328
7,1971,2478,684094151.4375,0.02989932628451411,-0.04506734939087675
8,1971,2490,710988622.0,0.02934140137374121,0.03714232092105312
9,1971,2506,707236731.875,0.02949773018439797,-0.009136838732699635
10,1971,2517,677870734.8125,0.03058354753612431,-0.045434421700654995
11,1971,2532,674835527.28125,0.0308545313913702,-0.004972573919684793
12,1971,2548,750939948.75,0.02785667116190889,0.08381974516006233
1,1972,2558,772239719.25,0.02721755421699782,0.024650597633243166
2,1972,2578,794903512.8125,0.0265758071280136,0.028054946764858365
3,1972,2585,801121952.1875,0.0262782814556189,0.006022057025071007
4,1972,2598,806328362.8125,0.02598290167361677,0.0023863904159984214
5,1972,2610,816588683.375,0.02610122114287144,0.01315547825290609
6,1972,2613,799508074.6875,0.02666943380098341,-0.02418871444562107
7,1972,2624,796175777.5,0.02691070190254617,-0.0075161104691376
8,1972,2638,823513995.625,0.02596404623726459,0.03202314610690842
9,1972,2653,817661913.75,0.02624743945340497,-0.011043966976830227
10,1972,2662,824009008.21875,0.02593112941409144,0.004762767136353889
11,1972,2677,861831363.4375,0.02560384707038092,0.04462315776930388
12,1972,5682,1053898855.6875,0.02107128431562146,0.007204846374377515
1,1973,5706,1025994378.4375,0.02195664727508177,-0.03205400358471089
2,1973,5705,982993213.25,0.02332361655658158,-0.04988267137437186
3,1973,5669,975852576.71875,0.02409506655805798,-0.012543840396729622
4,1973,5635,924312544.75,0.02604110298374773,-0.05821930111623245
5,1973,5570,900047186.375,0.0271625742478002,-0.03001642687338392
6,1973,5522,892133167.75,0.02804462507605121,-0.013971615377887294
7,1973,5492,938480371.40625,0.02707526128990641,0.04942402131774371
8,1973,5449,906173508.40625,0.02878941897143202,-0.03675848257204816
9,1973,5407,950785204.4375,0.02773458621330116,0.0453279583539222
10,1973,5411,950310057.25,0.02832512855203887,-0.007299666268880786
11,1973,5316,829034782.1875,0.03334432365863172,-0.13464256599753271
12,1973,5229,834377841.34375,0.0337076071816302,0.004868287610260244
1,1974,5207,838622045.90625,0.03363865103493365,-0.001785849757702078
2,1974,5182,837975593.46875,0.03405842834061855,-0.004111872461439622
3,1974,5181,820085200.375,0.03500353652660296,-0.029557065878813096
4,1974,5168,781774760.5625,0.03713555618641558,-0.05366215745394429
5,1974,5140,744232077.0,0.03924257417634723,-0.04980535244264047
6,1974,5112,724321669.8125,0.04056106607251957,-0.03004418524349811
7,1974,5090,673806513.34375,0.04383897284670136,-0.08007267749095215
8,1974,5046,610407775.40625,0.04914510020780272,-0.09812083379102925
9,1974,5008,542285340.625,0.05587526200919158,-0.12365594160797183
10,1974,4971,625741209.78125,0.0484556126311734,0.1465280386092967
11,1974,4933,599543633.84375,0.05036726880471506,-0.048109594788995284
12,1974,4901,583643301.125,0.05228714436642239,-0.033582040276985206
1,1975,4883,663374095.125,0.04564653684715329,0.12649013451841806
2,1975,4897,702121783.6875,0.04380468892183412,0.05156656462463512
3,1975,4903,725388666.375,0.04282819430180929,0.025170389404063576
4,1975,4916,756824684.625,0.04101806847058024,0.04088382970370984
5,1975,4901,795088329.4375,0.03915276150923168,0.04900935341889918
6,1975,4922,833207382.3125,0.03773591262637278,0.04584317492318253
7,1975,4928,782430974.4375,0.04039849364221135,-0.06672519011072567
8,1975,4946,759040588.5625,0.04122762629824907,-0.02893525629390514
9,1975,4943,727587300.59375,0.04359260162203374,-0.044103540807463266
10,1975,4948,766905872.21875,0.04161442724852542,0.049017019858219345
11,1975,4935,787771856.34375,0.04011488348072728,0.025790133317861837
12,1975,4946,779269341.0,0.04064950813211248,-0.015615196197989914
1,1976,4858,873548041.625,0.03658859646804525,0.11415909812673233
2,1976,4944,879890276.90625,0.03641721757566808,0.0032332909349001137
3,1976,4912,899687239.3125,0.03581070879690965,0.02233031421040154
4,1976,4950,891219976.375,0.0356982699009085,-0.01461448907315824
5,1976,4954,878580995.90625,0.03749485376030597,-0.013411580243715462
6,1976,4965,915234481.5625,0.03599746890574263,0.039234435645867045
7,1976,4995,907640843.3125,0.03595772375220775,-0.010653103851720837
8,1976,4711,897216711.0625,0.03765330752175931,-0.005747841418044268
9,1976,5014,924412352.125,0.03647522359118924,0.019943191760348
10,1976,4994,903664756.34375,0.03716182080943652,-0.02480676920390862
11,1976,5023,907300793.15625,0.03918385903160504,0.0012570524227756754
12,1976,5012,965735002.9375,0.03674127390035748,0.05581820648616909
1,1977,4955,930307717.5625,0.03838915976127767,-0.040620661361975764
2,1977,4997,913445443.53125,0.04010698795478533,-0.019711860882128965
3,1977,4988,896951563.96875,0.04096926272042208,-0.013176151297040363
4,1977,5001,901657935.0625,0.04086626001257293,0.0011237250173844996
5,1977,4992,887181899.28125,0.0428692013722039,-0.014611687020935538
6,1977,5000,932341467.0,0.04108729603188068,0.04596830989472307
7,1977,4979,918913698.8125,0.04166782895723496,-0.017063311166569683
8,1977,4961,903235374.5625,0.04344091800454429,-0.017743424140658014
9,1977,4950,906895459.53125,0.04369324284196139,-0.0029938007962041326
10,1977,4939,868191253.5625,0.04574446286219794,-0.04490017735399153
11,1977,4943,900456712.3125,0.04519007780704753,0.03931764673599673
12,1977,4926,907717693.1875,0.04536570850586839,0.003118918527018606
1,1978,4894,858713367.9375,0.04814527472230876,-0.06182653861882828
2,1978,4891,846150136.1875,0.0497529553435143,-0.014670598065603287
3,1978,4866,874002643.5625,0.04861287282700183,0.028082873868156857
4,1978,4889,937299300.46875,0.04554441627031987,0.07437124778506432
5,1978,4877,952445227.90625,0.04563301480513693,0.01773631368469423
6,1978,4856,944392224.0,0.04650906466234676,-0.01613362755292416
7,1978,4845,995796837.0625,0.0447075141936125,0.049596978563890656
8,1978,4841,1029644339.40625,0.04355811294889787,0.03567229638402805
9,1978,4857,1025681064.5625,0.04403239379616117,-0.01279550186497419
10,1978,4857,915093425.90625,0.05034897308058827,-0.1241727820103199
11,1978,4848,932085739.75,0.04942529704043883,0.02659249419588275
12,1978,4854,966694765.125,0.04802697505385239,0.010378836299581685
1,1979,4839,1009391213.84375,0.04661066046696549,0.040804261872213206
2,1979,4826,974251990.5,0.04881086316914186,-0.03489117328255515
3,1979,4839,1031237626.34375,0.04640691881537008,0.05581355905754951
4,1979,4831,1035700023.71875,0.04711204748086084,0.0006149512696150532
5,1979,4829,1012011594.0,0.0489648314650944,-0.021516349936334916
6,1979,4822,1044361152.9375,0.04770149565263613,0.03781112882992205
7,1979,4812,1055081253.09375,0.04779350469878071,0.007358104060518597
8,1979,4805,1116926919.65625,0.04618718386144747,0.05505261799721957
9,1979,4808,1119397938.1875,0.04639024748782799,-0.006477045668307783
10,1979,4814,1033450865.0,0.05073302257694456,-0.08395081859389876
11,1979,4819,1091906315.15625,0.04868227562007248,0.051960365730606195
12,1979,4819,1129808448.390625,0.04756371352611494,0.018047240620376145
1,1980,4820,1194665788.640625,0.04536006537822899,0.05356125624257925
2,1980,4829,1186143918.125,0.04658252419301994,-0.008935845617373771
3,1980,4830,1073504772.96875,0.05216698634928087,-0.13874759955043967
4,1980,4827,1129849424.28125,0.04987033768412282,0.0383787752913723
5,1980,4831,1195046772.59375,0.04726249072359607,0.047413870141737285
6,1980,4855,1238396682.625,0.04638916498940448,0.029895656970948502
7,1980,4873,1315727794.25,0.04428816757424042,0.061258898176655585
8,1980,4879,1346249775.40625,0.04347694852953726,0.016586674504842604
9,1980,4902,1409108226.640625,0.04236103337535419,0.021491768853372804
10,1980,4942,1438374329.265625,0.04195353434169977,0.011373841795651615
11,1980,4957,1557717305.484375,0.03863545960951308,0.09016514477338997
12,1980,5006,1522856214.515625,0.04007737731359323,-0.046393706980202204
1,1981,5025,1460668161.21875,0.04170579905474801,-0.05373627098615984
2,1981,5036,1472263170.640625,0.04210601980817037,0.00296083108992113
3,1981,5074,1545993191.15625,0.04080441338936538,0.03289863698531738
4,1981,5128,1549912310.78125,0.04063050467870391,-0.022401756046294543
5,1981,5186,1563409527.828125,0.04083765653013982,0.002111324117848864
6,1981,5235,1551646105.6875,0.04148853925293038,-0.0237877273761522
7,1981,5296,1546138253.5,0.04112352308055976,-0.015284022954229983
8,1981,5320,1456957604.09375,0.04474374531152068,-0.0703081935289237
9,1981,5316,1336631305.875,0.04885546468302865,-0.07874269991008703
10,1981,5357,1388183023.390625,0.04716782195734296,0.046246150705177985
11,1981,5381,1450679921.390625,0.04581746100719646,0.03360788824337759
12,1981,5387,1422377999.546875,0.04657112698343067,-0.03750753898901065
1,1982,5397,1402534825.71875,0.04700833778661442,-0.035559612950841826
2,1982,5409,1310051972.578125,0.05097249475622787,-0.06266058779910508
3,1982,5386,1259938039.40625,0.05304385876303894,-0.02132306926210841
4,1982,5363,1316896997.78125,0.05043823231052426,0.031847823015312936
5,1982,5360,1273246014.84375,0.05318605397210115,-0.03914635622457986
6,1982,5352,1236092271.6875,0.05427525116435237,-0.03422814271942205
7,1982,5342,1199483960.078125,0.05593868354489229,-0.031076609610810782
8,1982,5347,1334080799.859375,0.05075291404220737,0.1030358443477774
9,1982,5317,1351129721.8125,0.05002509685130774,0.009419703847076716
10,1982,5291,1503674683.296875,0.04448369833798858,0.10552819482360619
11,1982,5524,1595730722.453125,0.04263309019795847,0.04423258141958726
12,1982,5521,1643852421.171875,0.04116071927967013,0.007703249247928747
1,1983,5522,1692916799.734375,0.04044691843072223,0.03439734742011366
2,1983,5532,1729628377.328125,0.03943359378477378,0.023238876360205028
3,1983,5572,1691741537.875,0.04050413156379048,0.02735466902547598
4,1983,5607,1817795625.421875,0.0377701824889663,0.06462799865873102
5,1983,5649,1839790305.890625,0.03685115834627422,0.006319944470562367
6,1983,5715,1926177007.6875,0.03592250523476466,0.030336924538535835
7,1983,5799,1872117149.1875,0.03692808302013093,-0.03937737794485782
8,1983,5878,1874765459.453125,0.03652545513543026,-0.004079172319536307
9,1983,5934,1911999063.703125,0.03646871914261759,0.008146724151542857
10,1983,6008,1855809207.9375,0.03747102738107412,-0.03595173949393516
11,1983,6089,1908734572.328125,0.03645074975983339,0.021953437595876323
12,1983,6183,1897817306.484375,0.03767583098756775,-0.017792616556707722
1,1984,6211,1873951075.8125,0.03844685177941932,-0.020582583988796553
2,1984,6246,1784229633.453125,0.04014827156335798,-0.04724613386802073
3,1984,6290,1803620441.90625,0.04012096706228529,0.005754692483727345
4,1984,6312,1804462204.796875,0.04051035592001027,-0.005367245178744537
5,1984,6332,1687314269.6875,0.04347020209132738,-0.06178095809666674
6,1984,6340,1702899064.578125,0.04365766996471038,0.014956486029541206
7,1984,6339,1658489832.984375,0.04526038201101121,-0.02902998278152768
8,1984,6359,1835376807.390625,0.04103290552171038,0.09838343426422397
9,1984,6323,1829821390.640625,0.04107223386388822,-0.008284238330144312
10,1984,6314,1816729979.171875,0.04241695379765215,-0.00867754386054926
11,1984,6310,1779598528.234375,0.04240083237322861,-0.018826398224456323
12,1984,6319,1800872200.234375,0.04219695602590883,0.01622821984814492
1,1985,6300,1944669977.390625,0.03922851512594992,0.07554822997342532
2,1985,6292,1964607559.34375,0.03902419893927887,0.010310969567905018
3,1985,6285,1953883638.594915,0.03927917702671603,-0.008616555461938132
4,1985,6295,1948938987.625,0.03957567042511849,-0.009264308648975659
5,1985,6289,2040838995.203125,0.03779678576555497,0.04767099609447201
6,1985,6296,2055199009.484375,0.03732269333026792,0.01073260545635119
7,1985,6300,2053469034.869911,0.03787024984758098,-0.006025990948459497
8,1985,6298,2034191097.40625,0.0385291548596611,-0.010688191234644758
9,1985,6306,1940277084.296875,0.04050792368151564,-0.04657312959715999
10,1985,6322,2024705300.21875,0.03863485463152083,0.03758258213097075
11,1985,6321,2143066407.390625,0.03693954053844201,0.06098795614128732
12,1985,6330,2242572240.921875,0.03532394323814473,0.03614445379268094
1,1986,6288,2258166558.609375,0.03517340273942138,0.0038827679236276835
2,1986,6285,2405742634.10645,0.03318657315654076,0.064118925551742
3,1986,6312,2535601162.796875,0.034761512500786,0.04661913963472226
4,1986,6327,2505160454.890625,0.0355572848628013,-0.013386172897818386
5,1986,6377,2626321528.078125,0.03382872930579156,0.04455921413813831
6,1986,6455,2668930077.328125,0.0335528940379994,0.009031595499488457
7,1986,6501,2516111844.203125,0.03575708716581529,-0.06671796140462251
8,1986,6541,2675425580.75,0.0332773008624202,0.05923841108609805
9,1986,6569,2463589976.140625,0.03639437197511206,-0.08691470596414558
10,1986,6617,2573618490.09375,0.03531221613151447,0.04379577142819813
11,1986,6648,2602486335.171875,0.03567265323396287,0.010672857325840885
12,1986,6661,2516102810.953125,0.03717790926898992,-0.03118980929769679
1,1987,6678,2839222399.953125,0.03281779650336654,0.11629068366809855
2,1987,6747,2967990145.09375,0.03138831645596021,0.042294362680939224
3,1987,6805,3045726008.0625,0.02825179606017224,0.018740830895818687
4,1987,6849,2991241350.421875,0.02922287034442345,-0.021789606543968307
5,1987,6924,3009047718.421875,0.02922772972663145,0.00042093259580152764
6,1987,6999,3145442716.515625,0.0281603377132882,0.03802339702815175
7,1987,7057,3266862076.765625,0.02749747591493485,0.038582179289531296
8,1987,7114,3375254389.078125,0.02697315383988365,0.03174321388812505
9,1987,7174,3312253756.046875,0.0277547031400881,-0.026012502531670267
10,1987,7162,2553910023.703125,0.03621630802233385,-0.26067732607952954
11,1987,7132,2355074826.0625,0.03937661048237107,-0.08011202267059336
12,1987,7119,2518084081.578125,0.03693124864837689,0.06323094600068667
1,1988,7107,2618600532.65625,0.03578893817149835,0.03910045081536094
2,1988,7083,2738873042.453125,0.03612442636643359,0.04556936143965713
3,1988,7067,2681495427.953125,0.03686964963611512,-0.02144286829426145
4,1988,7061,2703878689.28125,0.03622811622412788,0.0061942618294066765
5,1988,7031,2688832480.234375,0.03713674072544784,-0.004466011735382766
6,1988,7031,2801423983.484375,0.03558173052196918,0.044973714365247344
7,1988,7036,2779468429.765625,0.03643538489813984,-0.012667464870026204
8,1988,7015,2678277409.6875,0.03844347645495615,-0.033998312566365194
9,1988,6984,2765638690.40625,0.03722957670962357,0.03066253710097339
10,1988,7002,2803544444.34375,0.03751034415600232,0.011475928669295846
11,1988,6975,2742304826.03125,0.03911866079142547,-0.02265347054228445
12,1988,6927,2752913521.25,0.03979314932641273,0.014406228948362281
1,1989,6915,2912831503.921875,0.03864249239220311,0.05730557991249151
2,1989,6898,2852155219.46875,0.03800598531903906,-0.023446697514270733
3,1989,6877,2905745479.125,0.03758823231658896,0.014154683128794011
4,1989,6871,3035751295.0625,0.03624080797058672,0.03975796509871268
5,1989,6851,3107801154.875,0.03622641177030404,0.03139957023543942
6,1989,6817,3082188767.453125,0.0368280601733699,-0.011868268321650815
7,1989,6830,3301532782.1875,0.03421502679096169,0.06752953257060604
8,1989,6801,3361135413.328125,0.03381621122409153,0.015339571817442062
9,1989,6775,3349898168.328125,0.03457596370224809,-0.00803584376615628
10,1989,6767,3248901341.96875,0.03510581566393873,-0.036159933275728355
11,1989,6771,3291733402.703125,0.03410656042917087,0.011312670170952652
12,1989,6773,3356589836.90625,0.03340471811416517,0.011740790735973995
1,1990,6764,3103307010.65625,0.03564200105745524,-0.07903148540476965
2,1990,6756,3142693850.640625,0.03560009107460669,0.008443600413771367
3,1990,6760,3219076910.890625,0.03472148057581811,0.01743175965877744
4,1990,6768,3122594223.71875,0.0363287866754089,-0.03525242701326247
5,1990,6770,3386794565.625,0.03326872269771473,0.0787460271426775
6,1990,6757,3365542428.1875,0.03361919685494862,-0.010631103039664708
7,1990,6758,3331819411.15625,0.03411675303933939,-0.01585739074984792
8,1990,6742,3008163177.359375,0.03766137398234085,-0.10273400158760604
9,1990,6722,2834212427.859375,0.03919032965501475,-0.06153695968880362
10,1990,6701,2792088134.078125,0.03988303682986255,-0.018692370548999
11,1990,6677,2958801339.875,0.03784694215016544,0.05771404971002615
12,1990,6667,3032847815.078125,0.03704407894674267,0.023217838116278543
1,1991,6638,3169961901.453125,0.03552648879134208,0.04231549724871876
2,1991,6624,3396831737.21875,0.03330234208502387,0.06793924171887436
3,1991,6623,3501551783.421875,0.03219200528201788,0.023573863199919713
4,1991,6602,3509827227.328125,0.03214208055276792,-0.0016073811519205562
5,1991,6615,3641331875.296875,0.03073129980567634,0.035231832221239226
6,1991,6648,3499294203.609375,0.03186674036561829,-0.049562150890403875
7,1991,6652,3665604415.851562,0.03012166873012026,0.04109645605179167
8,1991,6674,3755895342.78125,0.02946856424046219,0.02181476513964062
9,1991,6696,3740273803.960938,0.02990557459477032,-0.015471545592908184
10,1991,6726,3811480904.171875,0.02901440605347071,0.013349046039049883
11,1991,6756,3668309485.46875,0.03028597430296967,-0.04215380489419483
12,1991,6767,4071923463.5625,0.02728363022763324,0.09766390745886058
1,1992,6779,4062619929.632812,0.02721839799732007,-0.0045506059116802175
2,1992,6801,4109906771.140625,0.02684566734597676,0.01010494476280646
3,1992,6858,4048983169.515625,0.02767051728923879,-0.027179229372229934
4,1992,6866,4094512920.09375,0.0270632784870729,0.009963816712668948
5,1992,6859,4111776852.515625,0.02701941624604811,0.003266435088502788
6,1992,6863,4055201461.28125,0.02782820229246093,-0.022466284841927826
7,1992,6850,4211079541.921875,0.02678034082033668,0.03607919649808989
8,1992,6846,4114396223.890625,0.02748752337882987,-0.023710199562257735
9,1992,6853,4171918436.484375,0.02739297749017823,0.0097790632026038
10,1992,6879,4214047389.234375,0.02713100483844681,0.008499082155375925
11,1992,6904,4375245737.171875,0.0263417673731985,0.037016161513268635
12,1992,6959,4476639721.484375,0.02579563235928542,0.014981510357938283
1,1993,6968,4530239250.546875,0.02547775317364298,0.009858329256324195
2,1993,7017,4552996191.328125,0.02537522987247496,0.0029134574936882105
3,1993,7074,4694951399.914062,0.02498308791607049,0.02234074744728774
4,1993,7119,4582033622.742188,0.02560650445679807,-0.028174230632666688
5,1993,7187,4716249638.6875,0.0251471091221292,0.026754370718846662
6,1993,7271,4788343866.828125,0.02489754072912864,0.002955659652684887
7,1993,7327,4788555872.796875,0.02493240340894053,-0.0033613913620544693
8,1993,7389,4979670720.546875,0.02412113049015268,0.036205850451053914
9,1993,7461,5013412949.53125,0.02414685343510714,-0.001884702901885039
10,1993,7539,5111397924.28125,0.02380734387435577,0.015434698530219232
11,1993,7645,5024667176.390625,0.02448239755865505,-0.020270226753557632
12,1993,7755,5183963987.4375,0.02388239293063521,0.01678625532757607
1,1994,7802,5355180850.453125,0.0233684882597572,0.02842755053272977
2,1994,7856,5228539382.375,0.02413335787150899,-0.02698506018376018
3,1994,7937,4996065351.828125,0.02522842443359419,-0.0495814183293702
4,1994,7972,5044254762.75,0.02514783130924219,0.006537784364450841
5,1994,8033,5090261669.5625,0.02515808283162663,0.006247557489900744
6,1994,8084,4958513008.3125,0.02597082975724994,-0.03172008775429193
7,1994,8113,5115826186.40625,0.02524201776186756,0.026752400567836412
8,1994,8131,5315332947.953125,0.02442951909985543,0.03814356912612399
9,1994,8137,5221555873.25,0.02501266738044738,-0.02223460713670681
10,1994,8170,5285182602.8125,0.02496510970919928,0.010572986516859985
11,1994,8195,5071684569.375,0.02599931482152868,-0.04203232042832462
12,1994,8194,5122326797.03125,0.02618281660984441,0.00810288412875756
1,1995,8178,5205107547.109375,0.02596774961843529,0.015492834320031092
2,1995,8185,5392680853.34375,0.02502493647375177,0.03413418420939658
3,1995,8185,5547064496.859375,0.0244746980760132,0.021908409861039733
4,1995,8209,5683305036.1875,0.02407291572473464,0.019975804913186044
5,1995,8214,5861544603.765625,0.02348460593734257,0.028648513471185477
6,1995,8241,6051047134.90625,0.02275992056082239,0.02595305368352243
7,1995,8263,6285373012.0625,0.02213197732853721,0.035442633419052245
8,1995,8300,6342355054.953125,0.02207568045348648,0.004745570184079723
9,1995,8319,6580295505.625,0.02131159168579757,0.031218879040384243
10,1995,8364,6517261465.4375,0.02162584612590883,-0.015794124895172297
11,1995,8402,6809616323.203125,0.02091873690252918,0.03749124464621918
12,1995,8469,6925479779.671875,0.02057078417832467,0.010621036449404386
1,1996,8456,7111384457.5,0.02011055013812292,0.0234586784139183
2,1996,8486,7218591651.953125,0.02003556781697717,0.01206271960888016
3,1996,8570,7319874765.953125,0.01983966880976145,0.006837950769448888
4,1996,8623,7538589214.453125,0.01942832916609432,0.021113990286675648
5,1996,8706,7767237276.3125,0.01903845066102524,0.02234039345052083
6,1996,8784,7733856820.234375,0.01920935064505126,-0.012498152308741912
7,1996,8819,7309297101.921875,0.0207075516672636,-0.05958579937404562
8,1996,8864,7565862895.140625,0.01995167521603431,0.027653103370476453
9,1996,8889,7970434031.234375,0.01917606851481339,0.04742948497237788
10,1996,8961,8068198090.25,0.0192080459598618,0.009347671796079716
11,1996,9031,8594383108.3125,0.01802216481756887,0.05938267879846284
12,1996,9054,8505439552.296875,0.01846171045307802,-0.015630176813095455
1,1997,9046,8946943060.09375,0.01759117676959606,0.047978630334331904
2,1997,9061,8930879736.578125,0.01768884354081017,-0.005250475754063853
3,1997,9056,8543573210.828125,0.01880651634060129,-0.05006784913296978
4,1997,9062,8887107467.812904,0.0182225182605102,0.03724772354998862
5,1997,9077,9519320794.796875,0.01694310419721663,0.06489940393546728
6,1997,9079,9930967431.953125,0.01636102598380149,0.03893756959393505
7,1997,9089,10683300679.5,0.0153934556252177,0.06962719674715392
8,1997,9075,10282006317.84375,0.01592641716054724,-0.04119549275048056
9,1997,9068,10921995123.17188,0.01514350370313132,0.052534222178053036
10,1997,9108,10520059193.79688,0.01580608058500947,-0.0391552652763673
11,1997,9149,10837504452.0625,0.01534649774730272,0.02576931894110084
12,1997,9113,11064705450.25,0.01528275631955512,0.013390864214958983
1,1998,9090,11100044088.68891,0.01528754862647707,0.00021007451748913854
2,1998,9082,11898616109.53125,0.01440385214434431,0.06656637552049094
3,1998,9053,12579362848.78125,0.01365483948423613,0.045769114625224636
4,1998,9048,12718874480.20312,0.01366182385756847,0.006681858012433994
5,1998,9051,12416335450.5222,0.01402051546787029,-0.0301997445612359
6,1998,9034,12868710557.20312,0.01367931045608005,0.02718463698829414
7,1998,9016,12581716296.5,0.01395605667748062,-0.027795989036812067
8,1998,8964,10573814135.52981,0.01680585696571343,-0.175933822354367
9,1998,8892,11247971030.79688,0.0159375447129454,0.05778554445483444
10,1998,8788,12079008283.84375,0.0148090492846676,0.06793364441363661
11,1998,8756,12805822616.04688,0.01405317908550674,0.05686029748945932
12,1998,8710,13576484394.45312,0.01325782079386133,0.05748139674370062
1,1999,8656,14025946634.15625,0.01289674545529083,0.03407466997723363
2,1999,8619,13578598753.82812,0.01327504629899054,-0.04243725287904968
3,1999,8541,14117129365.04688,0.01295732016110506,0.03353035596034893
4,1999,8502,14857875694.46875,0.01224753132063552,0.04423185630477643
5,1999,8486,14605548941.07812,0.01299892685068387,-0.024494042266158554
6,1999,8474,15305124678.71875,0.01244791573602088,0.04583068039614123
7,1999,8462,14892375700.8125,0.01284269574410409,-0.035119439310176394
8,1999,8433,14832253827.42188,0.01302513095059535,-0.01374089728928233
9,1999,8408,14549184129.125,0.01335603625934909,-0.026855510097867352
10,1999,8414,15524401468.59375,0.01252339698339932,0.05636225632479931
11,1999,8392,16141222377.23438,0.01216036254718994,0.032118444700221106
12,1999,8361,17613307827.54688,0.01117168266824377,0.0762065357440846
1,2000,8323,16965254030.4375,0.01162174649739812,-0.04475229349949802
2,2000,8328,17701676678.51562,0.01125126384771818,0.02684254681421949
3,2000,8309,18811041649.1875,0.01056364477017925,0.04750266749401452
4,2000,8326,17785007955.85938,0.0113685854256053,-0.06609429284096412
5,2000,8331,17043248716.70312,0.01163686660117802,-0.04434077708900828
6,2000,8328,18047248774.5,0.01085722811307431,0.04547659425170707
7,2000,8342,17655642513.0,0.01110207358489636,-0.022567600507836207
8,2000,8362,18998906819.88314,0.01048077683062807,0.06735140428280081
9,2000,8343,18111657710.13704,0.01078869380448511,-0.05757093521274586
10,2000,8286,17674505710.4671,0.01108650896725127,-0.029772158333669994
11,2000,8216,15832573368.28683,0.01254625730579811,-0.1130705000692349
12,2000,8133,16116304766.50865,0.0122015654146277,0.015115213042812792
1,2001,8049,16737901865.32858,0.01184002909620086,0.03401516556356709
2,2001,8000,15061848911.06349,0.01315381925951509,-0.10862573919399682
3,2001,7947,14009522397.83941,0.0139610950424269,-0.07706791890100169
4,2001,7854,15208514382.46675,0.01282779109210185,0.07682911093716076
5,2001,7778,15335862502.63153,0.0127931282734169,0.0071759653409221805
6,2001,7722,15067408339.62076,0.01292844858778783,-0.02072914933812183
7,2001,7676,14801205830.99211,0.01327652233322711,-0.02135733047240416
8,2001,7586,13909133880.89199,0.01412008052860774,-0.06371161614847545
9,2001,7552,12623789758.17152,0.01569780997623898,-0.09875317630696921
10,2001,7530,12991115414.01397,0.01530362003307886,0.025268739727978117
11,2001,7471,13974447990.45155,0.01402105861429781,0.07404073377542775
12,2001,7437,14227508066.29347,0.01393535418453765,0.01613936898344337
1,2002,7389,13986500045.19911,0.01423389506225133,-0.01750217224335042
2,2002,7349,13675518768.69835,0.01462376263339119,-0.02331296307189769
3,2002,7322,14315124843.89147,0.01389135296051523,0.042295541342673694
4,2002,7266,13620583862.26021,0.01448573218672962,-0.052362885610818706
5,2002,7237,13562652566.9346,0.0144473049648214,-0.01198960575580006
6,2002,7214,12655955109.26855,0.01587808607921603,-0.07428985470830743
7,2002,7187,11628700090.5632,0.01726427051528792,-0.0860208474290477
8,2002,7126,11687787870.32475,0.01695085347945273,0.006518552217391976
9,2002,7096,10498717428.13349,0.01899008956624694,-0.10662405333123402
10,2002,7056,11279244942.01417,0.01786028256692546,0.07090743443531367
11,2002,7056,11944876821.76377,0.0168979065741161,0.05816181068891988
12,2002,7020,11304530250.76093,0.0179413418721368,-0.05583341576678296
1,2003,6974,11024226564.15026,0.01839822314799278,-0.024635512513138603
2,2003,6937,10823903153.91332,0.01884159448995565,-0.016511602698101063
3,2003,6870,10926712539.97168,0.01885312803619293,0.009293577144474966
4,2003,6834,11816412785.99658,0.01787211648086639,0.07857950173384598
5,2003,6795,12547664234.87207,0.01680031540893085,0.0605968632563921
6,2003,6774,12748780746.88379,0.01671925612497888,0.0153225729949019
7,2003,6742,13026949922.55934,0.01658733056069025,0.02208258996481416
8,2003,6715,13367811993.42069,0.0162318955892591,0.02390874677536243
9,2003,6709,13300444221.99771,0.01652002005547082,-0.009953195256288022
10,2003,6703,14100314665.73527,0.01592425250998083,0.05782638949435759
11,2003,6688,14342155565.67254,0.01585718261795008,0.015691451058984413
12,2003,6690,14991423560.03436,0.01549780041283526,0.04369758425682504
1,2004,6693,15337606106.96259,0.01525258291465472,0.022030822954655593
2,2004,6697,15591884021.23567,0.0151699685637176,0.014591905901898
3,2004,6703,15516532089.3288,0.0155918345835293,-0.011493946235539766
4,2004,6691,15124820715.18747,0.01626375484357121,-0.025303204146067848
5,2004,6691,15351218411.66972,0.01639567653599243,0.013186937376573208
6,2004,6693,15614391641.63826,0.01641385132565627,0.02053115414729548
7,2004,6696,15023532668.32919,0.01705856805479779,-0.03948472196143141
8,2004,6691,15051557043.18865,0.01738306904030887,0.0015916338796837788
9,2004,6706,15348163151.58571,0.0172023484045688,0.019115003420880176
10,2004,6720,15599020544.58292,0.01686907556204877,0.01627527466986894
11,2004,6718,16374578732.9914,0.01841757336056777,0.04562217136485229
12,2004,6732,16949671903.81328,0.01805569722214383,0.03284215054103525
1,2005,6719,16500786515.42069,0.01850624205326811,-0.028728044180008547
2,2005,6729,16874646312.356,0.01858337103765676,0.020453601959279644
3,2005,6732,16571585585.07125,0.01929797595349267,-0.019203621677578723
4,2005,6723,16141390090.47215,0.01998794177065352,-0.027809842847901015
5,2005,6723,16716256637.64961,0.01953400531873442,0.03493748043769088
6,2005,6752,16897556485.76412,0.01954956119990243,0.009099176984387017
7,2005,6749,17644079949.03876,0.0187597942024874,0.039971457100972815
8,2005,6746,17512039148.90542,0.01937194069708791,-0.008655559318850852
9,2005,6744,17707109876.46335,0.01915897603882001,0.007681648262194545
10,2005,6739,17315741217.59936,0.01963826772530762,-0.0239327179063928
11,2005,6746,17953703380.64249,0.01778791832102985,0.036447228279980676
12,2005,6748,17992191093.62514,0.01781744805207107,0.00022391751424177255
1,2006,6723,18674693638.57774,0.0175026135827118,0.036053517733517594
2,2006,6720,18642998665.36361,0.01780262821595886,-0.005167450406089982
3,2006,6727,18991259990.86714,0.01750034313668423,0.015200671044207973
4,2006,6724,19170852389.60367,0.01749877915188002,0.009163949654773566
5,2006,6732,18532238727.72711,0.0186303832017136,-0.03534350407022437
6,2006,6786,18504085265.9771,0.01870729300588805,-0.004299687957915079
7,2006,6777,18452769045.11876,0.0189205269027971,-0.005891539831655166
8,2006,6778,18797469846.9735,0.01888134415579947,0.020630729732482835
9,2006,6802,19112564450.44344,0.01871318670843805,0.015132566060067219
10,2006,6806,19741674398.05749,0.01812217493929792,0.03245214063441866
11,2006,6817,20157625098.8821,0.01813092279744976,0.019385622274845832
12,2006,6820,20336198409.51552,0.01825182014067381,0.006683344700344436
1,2007,6821,20672957478.33591,0.01789793087048309,0.015166964188312534
2,2007,6860,20313941279.71722,0.01845322565758147,-0.018263663724128614
3,2007,6883,20593417805.74039,0.01833837906785534,0.008688895668116913
4,2007,6887,21345534389.96334,0.01771970371322375,0.03498171899361639
5,2007,6918,22098911873.68322,0.01763476258571796,0.034147954541163046
6,2007,6916,21757585964.74619,0.01802533161147914,-0.018760288082888515
7,2007,6917,20992519568.51999,0.01872767167993638,-0.03610959486173542
8,2007,6908,21147182936.16066,0.01873583731988683,0.007512751949751441
9,2007,6889,21946158963.39372,0.01835911272085857,0.036567816319590496
10,2007,6851,22413292776.5949,0.0182373082436349,0.02235627140668171
11,2007,6855,21146935142.41355,0.01921987688968269,-0.05392242459929411
12,2007,6745,20795253710.19536,0.01987680529229562,-0.007018513756570623
1,2008,6746,19440013726.39974,0.02144533298911663,-0.06688181313143046
2,2008,6722,18915917824.85419,0.02195821378131959,-0.02453669874265705
3,2008,6693,18692705439.14539,0.02232690014504549,-0.012220576360333048
4,2008,6679,19621033881.01294,0.02114382441914861,0.04890289658204639
5,2008,6668,20020755550.43444,0.02061545180492337,0.022634291485533004
6,2008,6664,18448751974.65784,0.02256847770075819,-0.08330816679433362
7,2008,6653,18132466331.45995,0.02314391813692438,-0.01492283503530333
8,2008,6629,18260279048.86082,0.02270471522097848,0.009735830204785254
9,2008,6570,16368082375.07656,0.02539079503473542,-0.1049256780605961
10,2008,6470,13268321455.76086,0.03130022757307238,-0.20534643924246304
11,2008,6112,11967270571.65422,0.03408865853455854,-0.08983211216715992
12,2008,6067,12225397243.61196,0.03266557137030797,0.021240091377525572
1,2009,6028,11229917647.37829,0.03503444459037957,-0.080837086590684
2,2009,5993,9955938204.812477,0.0393135043168724,-0.10666511392576153
3,2009,5954,10699478327.72689,0.03645316706061048,0.08389722704741832
4,2009,5916,11862800930.17233,0.03240030979859121,0.10477674742793225
5,2009,5885,12723459809.95582,0.02906120803729135,0.06503249989653369
6,2009,5852,12710796035.91293,0.02816639818556878,-0.0028345890680311677
7,2009,5832,13766345277.15897,0.0255725753835401,0.07916660921470495
8,2009,5811,14233141683.27946,0.0243019290877795,0.03134674032187198
9,2009,5805,14964550316.20111,0.02244102092396867,0.04415748559639778
10,2009,5793,14498959755.03347,0.02273714702235467,-0.029005770510254558
11,2009,5791,15300718588.24265,0.02156656225901074,0.05572163258264022
12,2009,5769,15756946043.14284,0.02055496020777205,0.0287595680069925
1,2010,5760,15147055294.69601,0.02131991095289957,-0.03794812296478636
2,2010,5744,15640034370.89473,0.02036872144099395,0.034664422457665066
3,2010,5732,16668563029.38439,0.01879943971897513,0.062406967007031584
4,2010,5744,16980118579.62663,0.01839948341590096,0.019941325828770808
5,2010,5739,15577702496.17011,0.02033637315269825,-0.08354645562023645
6,2010,5741,14702499729.07465,0.02169800587440127,-0.053586845179324195
7,2010,5721,15722300567.22585,0.02067202518558731,0.06869539032084236
8,2010,5712,14991559883.60527,0.02192594642649412,-0.04503550662156867
9,2010,5711,16365939094.88599,0.02040893617810072,0.08844973347328043
10,2010,5709,16997012582.55801,0.02003451547913247,0.03815296902182658
11,2010,5712,17137000012.81016,0.0199389502350282,0.0054959392541301675
12,2010,5699,18279658638.57134,0.0190936043817749,0.0655877438706142
1,2011,5698,18695034833.9295,0.01877163982851822,0.01991633305520475
2,2011,5704,19369178516.2375,0.01837566456239552,0.037792949650051005
3,2011,5681,19429951515.32495,0.01852148256142118,0.002756564808632836
4,2011,5667,19907163201.65442,0.01821823677702505,0.027678713544339845
5,2011,5673,19553139299.68377,0.01883711964856179,-0.014839831122709176
6,2011,5647,19133680035.87959,0.01962783515641542,-0.018743277269320843
7,2011,5642,18663500654.29557,0.01991955782992098,-0.02391115240212393
8,2011,5646,17566027040.63252,0.02160717678096509,-0.06045447529754128
9,2011,5640,15973750012.51631,0.02385506098535017,-0.08821310906665256
10,2011,5623,17771242126.45741,0.0213172919426053,0.10931143416753661
11,2011,5612,17547636078.00807,0.02224106766429229,-0.006214835552676908
12,2011,5603,17580128278.57064,0.02221880253480654,0.004835914364265034
1,2012,5587,18509460421.23803,0.02125873776509584,0.052555653417378015
2,2012,5594,19213852615.20699,0.02084217728439226,0.04117836210300738
3,2012,5606,19714846736.59057,0.02057981681325591,0.02491610743491729
4,2012,5602,19546356092.30843,0.02094857315003021,-0.006945267886619265
5,2012,5602,18166196356.39291,0.02290229200461793,-0.06823737399925857
6,2012,5587,18847277801.81694,0.02212549681567183,0.037679256624167434
7,2012,5569,18984349255.03133,0.02210547692962937,0.010246551884230745
8,2012,5545,19392914453.27107,0.02212440911122848,0.026211900290270585
9,2012,5536,19913714395.69462,0.02185438349847756,0.02615540394060149
10,2012,5522,19598419387.31635,0.02254081229055642,-0.01452329938852784
11,2012,5517,19632559047.17483,0.02307727134518638,0.006153182604474245
12,2012,5498,19801125069.11637,0.02436917040352114,0.012204302678859667
1,2013,5498,20895882596.21774,0.02330145440624616,0.054293480717329486
2,2013,5493,20968016066.36651,0.02341881428676625,0.009026278058053642
3,2013,5485,21722762262.35203,0.02262992508521334,0.035604225959048226
4,2013,5477,22046422924.2463,0.02234125717449995,0.015091409230120055
5,2013,5496,22449690964.14817,0.02239795253339448,0.02073449929442709
6,2013,5506,22070981513.53023,0.0231125233800248,-0.014438592105505634
7,2013,5510,23191823184.01164,0.02234638571339104,0.05210666294283609
8,2013,5522,22580655629.79041,0.02304063936640229,-0.026460473793220182
9,2013,5544,23460274783.8217,0.02228674705709011,0.036950264512150596
10,2013,5559,24353621673.79422,0.02151826746547561,0.03964625652859638
11,2013,5567,24939299316.34321,0.02075532811509349,0.025570523851119978
12,2013,5572,25581831929.75435,0.01947515755502405,0.02651446352633977
1,2014,5589,24803214418.24622,0.02025899153470283,-0.030612388975649496
2,2014,5587,25933492367.77603,0.01987427538815533,0.04539117391534029
3,2014,5619,26057522387.85981,0.02002714824653686,0.004522900698944412
4,2014,5639,26122311154.11914,0.02016574206890324,0.0013643453043413922
5,2014,5660,26569973621.81761,0.01992380040849014,0.020305919410532773
6,2014,5684,27310535032.1633,0.01958951125806453,0.027874173704450986
7,2014,5708,26733734194.51683,0.02017331392726986,-0.02095466559170914
8,2014,5720,27742970931.65726,0.01955321348541411,0.040172159663907386
9,2014,5722,27028227127.67365,0.02029228215084283,-0.02511309046906855
10,2014,5753,27575618276.71251,0.02004113622291576,0.021187918742374613
11,2014,5769,28109359215.2933,0.01992888169557418,0.021500176934470146
12,2014,5767,27990333779.21675,0.02024089721382579,-0.003347206624235379
1,2015,5766,27097557188.51868,0.0209624600917907,-0.0288926908013709
2,2015,5757,28518188084.57451,0.02009024595435418,0.05552228364508659
3,2015,5749,28125733726.89106,0.0206425023882878,-0.010576222921146364
4,2015,5754,28358910754.39371,0.02060596258772502,0.008530299154890932
5,2015,5773,28538757503.07846,0.02052786606176872,0.010661122435841682
6,2015,5800,27951195333.0906,0.02106342825273668,-0.019367695809693983
7,2015,5833,28243696936.10878,0.02077034389987254,0.012679396301439667
8,2015,5823,26398238361.23801,0.02242204720343975,-0.06237072675623961
9,2015,5812,25389026612.20152,0.02344910998651533,-0.03493035406213777
10,2015,5811,27225524805.94793,0.02194455980721144,0.07232352974476428
11,2015,5827,27184322573.73734,0.0220744301795011,0.002653764694745646
12,2015,5807,26517577549.16202,0.0226624406060667,-0.022638080252510257
1,2016,5776,24894726713.69852,0.02419455365914882,-0.06012744491195606
2,2016,5762,24716274661.32189,0.0242974976256864,0.00046212638596151875
3,2016,5752,26374955361.6262,0.02297525150400339,0.06856135651507597
4,2016,5749,26647243315.2298,0.02269122362329701,0.011306426229012746
5,2016,5730,26859694101.78072,0.02264157048032419,0.014753120251480026
6,2016,5729,26889337666.07391,0.02263284171030398,0.002038461802576809
7,2016,5722,27890625056.15009,0.02177809270203281,0.03834071628948663
8,2016,5705,27899997140.95107,0.02204757055839129,0.0029090363299595604
9,2016,5695,27883129458.24923,0.02195260785150033,0.0026627850557108604
10,2016,5702,27270534445.95067,0.02241181797209221,-0.022172367571490995
11,2016,5694,28256892887.73768,0.02181129944438721,0.04145701816309442
12,2016,5707,28700784401.69566,0.0213632441143352,0.018407569594293884
1,2017,5711,29373782824.58114,0.02085825179539791,0.021665295159651633
2,2017,5700,30259973339.38689,0.02028136457761676,0.03227458644993544
3,2017,5693,30261105118.8883,0.02022242930374,0.001475936890885589
4,2017,5699,30530138373.71234,0.02008783687201656,0.009014001119501815
5,2017,5704,30797236334.27779,0.02019354417156411,0.008596521416004936
6,2017,5714,31028696716.15558,0.02006600116640379,0.00903565674605977
7,2017,5714,31544654605.16575,0.0200492913493057,0.01935485344486333
8,2017,5731,31668433692.66204,0.02016987968313534,0.0005956246568923081
9,2017,5712,32380178356.34489,0.01973888076961373,0.02306269637748929
10,2017,5718,32948054481.40588,0.01939846918241534,0.018517119756644364
11,2017,5732,33735228020.92297,0.01926104714178638,0.026600349177043254
12,2017,5726,34131536168.97171,0.01907597875739297,0.010986108266249996
1,2018,5732,35937501298.88932,0.01818661755612695,0.04897375487112607
2,2018,5740,34411588862.71846,0.01914257902919306,-0.04145894914940722
3,2018,5748,33712828127.90422,0.01975699169903596,-0.020691133288351767
4,2018,5731,33812353635.1419,0.01978641566931779,0.0034952575192280593
5,2018,5746,34660459242.83083,0.01947326635775212,0.025385664489068052
6,2018,5764,34667834973.01375,0.01954523469604714,0.004474026324412365
7,2018,5775,35726674980.93754,0.01886868298983643,0.02999700899928279
8,2018,5773,36558388098.24296,0.01861275241587141,0.029411136069576526
9,2018,5797,36474914888.43884,0.01885423554193316,-0.0011893628688661633
10,2018,5807,33723507066.55249,0.02050999193123744,-0.07947229981646381
11,2018,5801,34152337502.04861,0.02031053261222691,0.01656865362059969
12,2018,5780,30940833692.89109,0.02281322139179972,-0.09807520429001895
1,2019,5757,33657943988.91551,0.02115414371189227,0.0836007919827372
2,2019,5750,34597487848.89313,0.02064691651726549,0.030882252298369748
3,2019,5742,34958454028.47495,0.02036328418115477,0.011100265609398512
4,2019,5749,36226928809.23763,0.01978419012627618,0.03602006452484789
5,2019,5770,33900013372.53774,0.02122323602173423,-0.0665412238229328
6,2019,5786,36229500866.17958,0.01996599298329123,0.06375922226219702
7,2019,5797,36578201584.52287,0.01986260119867883,0.010471611803162537
8,2019,5790,35693140538.19425,0.02029794554074916,-0.02281787985995052
9,2019,5791,36137018144.56332,0.02098782687875141,0.014315610747814261
10,2019,5796,36765966295.1376,0.02077991429442858,0.017478584917183668
11,2019,5787,37971468402.06289,0.0199983817928072,0.03411566764357782
12,2019,5799,39050206028.11846,0.0196105071078134,0.026747939875726635
